dataset,capacity_percent,cache_size_objects,variant,hit_ratio,total_selected_admissions,admissions_per_1000_requests,hit_yield_per_admission,pollution_ratio,admission_precision,precision_action_rate,precision_multiplier_action_rate,precision_continuous_action_rate,precision_masked_by_integer_rounding_rate,precision_mean_budget_delta,precision_median_budget_delta,mean_precision_multiplier,median_precision_multiplier,corr_precision_eff_to_next_slot_hit_yield,corr_precision_eff_to_next_slot_admission_precision,corr_precision_eff_to_admission_window_pollution_proxy
wiki2018,0.8,16123,cap_only_cap020,0.45943033333333333,61406.0,6.822888888888889,1.1546804028701205,0.3783819366730301,0.17477453755513134,0.0,0.0,0.0,0.0,0.0,0.0,1.0,1.0,0.6746806824202553,0.8988601084843396,-0.8896426698992587
wiki2018,0.8,16123,full_cap020,0.46216311111111114,46990.0,5.221111111111111,1.3567138151521023,0.37286055673964996,0.1910051884862968,0.9,0.9888888888888889,0.9888888888888889,0.0,-101.72222222222223,-193.0,0.7921009449812996,0.641679374781875,0.7450022204537623,0.8403930476284546,-0.842853188057033
wiki2018,0.8,16123,precision_only_cap020,0.46225444444444447,52036.0,5.781777777777778,1.270792473347962,0.378857020797328,0.18432141678156008,0.9,0.9888888888888889,0.9888888888888889,0.0,-100.75555555555556,-193.0,0.8105635013074667,0.6874534715677691,0.7447775201007857,0.842449635616236,-0.8470514534711764
wiki2018,1.0,20154,cap_only_cap020,0.47395122222222225,76391.0,8.48788888888889,0.9529189210641197,0.440358234228037,0.1457277790271586,0.0,0.0,0.0,0.0,0.0,0.0,1.0,1.0,0.704965856398977,0.8971196818558506,-0.885079819866225
wiki2018,1.0,20154,full_cap020,0.47727033333333335,56393.0,6.265888888888889,1.147202383088684,0.4172738039694218,0.16089437605426551,0.8888888888888888,0.9888888888888889,0.9888888888888889,0.011111111111111112,-151.44444444444446,-241.0,0.7045802578364352,0.5270032580080242,0.7699135761613601,0.8070371435210895,-0.852969679189926
wiki2018,1.0,20154,precision_only_cap020,0.4774151111111111,62387.0,6.9318888888888885,1.0756719101851702,0.41921687430135923,0.15515090641048487,0.8888888888888888,0.9888888888888889,0.9888888888888889,0.0,-151.01111111111112,-241.0,0.719924044420149,0.5804523436609834,0.7700921537246846,0.8052325920119752,-0.8497155065046159
wiki2018,2.0,40308,cap_only_cap020,0.5253324444444445,104888.0,11.654222222222222,0.6363382988947621,0.5993176357520423,0.08991830850552619,0.0,0.0,0.0,0.0,0.0,0.0,1.0,1.0,0.8467831188070043,0.7083588715447269,-0.8369894669859574
wiki2018,2.0,40308,full_cap020,0.5267346666666667,105345.0,11.705,0.6332685848794818,0.6009836661659027,0.08917106031174946,0.14444444444444443,0.9888888888888889,0.9888888888888889,0.0,-15.077777777777778,0.0,0.5815496610125696,0.5,0.8810452260646826,0.5902647538914464,-0.7747078274137
wiki2018,2.0,40308,precision_only_cap020,0.5267346666666667,105345.0,11.705,0.6332685848794818,0.6009836661659027,0.08917106031174946,0.14444444444444443,0.9888888888888889,0.9888888888888889,0.0,-15.077777777777778,0.0,0.5815496610125696,0.5,0.8810452260646826,0.5902647538914464,-0.7747078274137
wiki2018,3.0,60463,cap_only_cap020,0.561969,122180.0,13.575555555555555,0.5445813700616166,0.649741342383604,0.07606510922929915,0.0,0.0,0.0,0.0,0.0,0.0,1.0,1.0,0.8518618542224117,0.4644026930826492,-0.7336152928220213
wiki2018,3.0,60463,full_cap020,0.5624848888888889,123253.0,13.694777777777778,0.5423984845144486,0.6490458809984567,0.07538234165380626,0.1111111111111111,0.9888888888888889,0.9888888888888889,0.0,-83.13333333333334,0.0,0.5586106459794787,0.5,0.8452833426946446,0.378325266961376,-0.6371474152398853
wiki2018,3.0,60463,precision_only_cap020,0.562464,121296.0,13.477333333333334,0.5489494822092406,0.6468650424853957,0.07646541423260754,0.1,0.9888888888888889,0.9888888888888889,0.0,-63.733333333333334,0.0,0.5586158794543141,0.5,0.8432447523589832,0.3789565330298678,-0.6389431624029929
wiki2018,4.0,80617,cap_only_cap020,0.5864594444444444,137063.0,15.229222222222223,0.4806123646606614,0.6850151110589477,0.06612188609489159,0.0,0.0,0.0,0.0,0.0,0.0,1.0,1.0,0.8466620553694935,0.47263759505226144,-0.7074091183378076
wiki2018,4.0,80617,full_cap020,0.5865971111111111,136783.0,15.19811111111111,0.48236599923554146,0.6834259504278027,0.06605951015847814,0.1111111111111111,0.9888888888888889,0.9888888888888889,0.0,-139.38888888888889,0.0,0.5490945416139306,0.5,0.8447867428946688,0.3988664263315766,-0.607097623099147
wiki2018,4.0,80617,precision_only_cap020,0.5868207777777777,138414.0,15.379333333333333,0.47744325404031235,0.6854185581986563,0.0655311421826766,0.1111111111111111,0.9888888888888889,0.9888888888888889,0.0,-139.2888888888889,0.0,0.5491579251801896,0.5,0.8455474690012544,0.40036998125186474,-0.6105715569659627
wiki2018,5.0,100772,cap_only_cap020,0.6043551111111111,152298.0,16.922,0.4318678056664138,0.7130446254823708,0.05839242719087041,0.0,0.0,0.0,0.0,0.0,0.0,1.0,1.0,0.8377507960235345,0.4744659837806232,-0.6651976571749845
wiki2018,5.0,100772,full_cap020,0.605007,152591.0,16.954555555555554,0.43387891077636154,0.7102799431159802,0.058668229221531656,0.12222222222222222,0.9888888888888889,0.9888888888888889,0.0,-252.96666666666667,0.0,0.5392301810593957,0.5,0.8657781121627143,0.43222223697089535,-0.6191295779352219
wiki2018,5.0,100772,precision_only_cap020,0.6048836666666667,150242.0,16.693555555555555,0.43848761861454205,0.7081630878901156,0.05937581500478136,0.1111111111111111,0.9888888888888889,0.9888888888888889,0.0,-220.13333333333333,0.0,0.5392522595701011,0.5,0.8513240575892965,0.4291459147231167,-0.6123769859677569
wikipedia_september_2007,0.8,12221,cap_only_cap020,0.631311875,39559.0,4.944875,1.9038825515371631,0.4646017699115044,0.14924037035142462,0.0,0.0,0.0,0.0,0.0,0.0,1.0,1.0,0.6193964472068884,0.9656307438127685,-0.9537212694112898
wikipedia_september_2007,0.8,12221,full_cap020,0.633066625,26571.0,3.321375,2.6571929289850655,0.43812861932337704,0.17768972874123742,0.875,0.9875,0.9875,0.0,-95.1625,-138.0,0.6259582090234306,0.5,0.6777990777057258,0.9406009353236654,-0.9204732178710252
wikipedia_september_2007,0.8,12221,precision_only_cap020,0.63300925,31637.0,3.954625,2.2888484383981607,0.4511400651465798,0.16385642204764642,0.875,0.9875,0.9875,0.0,-95.175,-138.0,0.6246813755653927,0.5,0.6785310608019404,0.9424162037872557,-0.9393275156617339
wikipedia_september_2007,1.0,15277,cap_only_cap020,0.639001,49313.0,6.164125,1.5483904060403373,0.5306838466115431,0.12051950183631178,0.0,0.0,0.0,0.0,0.0,0.0,1.0,1.0,0.646614733966446,0.9537360220397418,-0.941931922148137
wikipedia_september_2007,1.0,15277,full_cap020,0.64135175,33765.0,4.220625,2.1426730210113,0.48832539040254175,0.151635044810119,0.85,0.9875,0.9875,0.0,-119.45,-172.0,0.5999651176371241,0.5,0.701836737201317,0.9274075657809385,-0.9275313720580591
wikipedia_september_2007,1.0,15277,precision_only_cap020,0.641,39550.0,4.94375,1.86878001430469,0.5048022887503831,0.138167977929907,0.85,0.9875,0.9875,0.0,-119.5125,-172.0,0.5999651176371241,0.5,0.7020168107527407,0.9309576297911579,-0.9396011757778331
wikipedia_september_2007,2.0,30554,cap_only_cap020,0.67022075,70260.0,8.7825,1.0882369834295396,0.6424571379340054,0.08128715430343758,0.0,0.0,0.0,0.0,0.0,0.0,1.0,1.0,0.8532781991186219,0.9669719148508493,-0.9104538405211131
wikipedia_september_2007,2.0,30554,full_cap020,0.670713,69075.0,8.634375,1.1035978789605154,0.6415121901339527,0.08212454533502783,0.1625,0.9875,0.9875,0.0,-33.0,0.0,0.5459202901409208,0.5,0.893417386825385,0.9211648195919333,-0.8360677726303781
wikipedia_september_2007,2.0,30554,precision_only_cap020,0.6707115,69076.0,8.6345,1.1037278331239593,0.6414882117502703,0.08209413070787928,0.1625,0.9875,0.9875,0.0,-33.0,0.0,0.5459202901409208,0.5,0.8933847600619063,0.9210462654681254,-0.8358316251986759
wikipedia_september_2007,3.0,45831,cap_only_cap020,0.689932875,84766.0,10.59575,0.9027985650820801,0.6912194426626755,0.06625804765637992,0.0,0.0,0.0,0.0,0.0,0.0,1.0,1.0,0.8781471392679024,0.8383730862497936,-0.7894472020855957
wikipedia_september_2007,3.0,45831,full_cap020,0.689954625,82046.0,10.25575,0.9287432794049051,0.6877224854540545,0.06817568065205117,0.125,0.9875,0.9875,0.0,-76.875,0.0,0.5329429646294226,0.5,0.9151769050671366,0.7024319390292093,-0.6908726774967948
wikipedia_september_2007,3.0,45831,precision_only_cap020,0.689992625,82223.0,10.277875,0.9269747559496834,0.688019793491175,0.06812586504660534,0.125,0.9875,0.9875,0.0,-77.0875,0.0,0.5328903093925552,0.5,0.9145618938023921,0.7025649481656087,-0.68808271214122
wikipedia_september_2007,4.0,61109,cap_only_cap020,0.703073125,97457.0,12.182125,0.7871383167540348,0.7250691377388864,0.057611342716803564,0.0,0.0,0.0,0.0,0.0,0.0,1.0,1.0,0.8737149560819332,0.7894529256569194,-0.7244590145882583
wikipedia_september_2007,4.0,61109,full_cap020,0.703298875,93518.0,11.68975,0.8177564564532264,0.7167120222869989,0.059471436715464294,0.1375,0.9875,0.9875,0.0,-161.175,0.0,0.5249903811096047,0.5,0.909845656588161,0.6748600613062772,-0.6929578379941054
wikipedia_september_2007,4.0,61109,precision_only_cap020,0.703440375,94584.0,11.823,0.8096347104801404,0.7179135428297975,0.059031211782846815,0.1375,0.9875,0.9875,0.0,-161.125,0.0,0.5249170733886199,0.5,0.9076344011198896,0.6659370542924052,-0.6975720513531567
wikipedia_september_2007,5.0,76386,cap_only_cap020,0.7127825,110566.0,13.82075,0.6953617709601788,0.7509496374111703,0.05084422311481071,0.0,0.0,0.0,0.0,0.0,0.0,1.0,1.0,0.8698679282164152,0.6972992704791163,-0.6651740971803197
wikipedia_september_2007,5.0,76386,full_cap020,0.713058875,106595.0,13.324375,0.7215382004676069,0.7422788294743193,0.05307715513990497,0.15,0.9875,0.9875,0.0,-262.4,0.0,0.5189872278101898,0.5,0.8998028937468985,0.6800641996029396,-0.6890514945348277
wikipedia_september_2007,5.0,76386,precision_only_cap020,0.713071875,108844.0,13.6055,0.7079236713102722,0.7455248751396313,0.05215978434467924,0.15,0.9875,0.9875,0.0,-262.3875,0.0,0.5189872278101898,0.5,0.8975835031390809,0.6689600989172042,-0.6802833467239651
