dataset,capacity_percent,metric,variant_a,variant_b,mean_delta,median_delta,bootstrap_ci95_low,bootstrap_ci95_high,n_paired_slots,seed
wiki2018,0.8,slot_hit_ratio,full_cap020,precision_only_cap020,-9.133333333333525e-05,0.0,-0.00022800000000000535,3.077777777777648e-05,90,42
wiki2018,0.8,admission_hit_yield,full_cap020,precision_only_cap020,-0.008566959109192722,-0.0006221783539403503,-0.02320526636033455,0.006223176138169575,90,42
wiki2018,0.8,pollution_proxy,full_cap020,precision_only_cap020,0.0022976833439920315,0.0,-0.003223326907474476,0.007962644615005956,88,42
wiki2018,0.8,admission_precision,full_cap020,precision_only_cap020,-0.00276842828662832,-6.631299734746743e-05,-0.005264758428753633,-0.0003486867107272733,89,42
wiki2018,0.8,selected_admissions_per_slot,full_cap020,precision_only_cap020,-56.06666666666667,0.0,-70.83333333333333,-40.96666666666667,90,42
wiki2018,0.8,slot_hit_ratio,full_cap020,precision_only_budget_matched_uniform_cap020,0.0005843333333333281,0.00013499999999994072,0.0003485555555555544,0.0008491111111111042,90,42
wiki2018,0.8,admission_hit_yield,full_cap020,precision_only_budget_matched_uniform_cap020,-0.05472097309642514,-0.005189811492176566,-0.13080166490906064,-0.009363612910565007,90,42
wiki2018,0.8,pollution_proxy,full_cap020,precision_only_budget_matched_uniform_cap020,0.001043083401712677,-4.203925652896773e-05,-0.004226835452366651,0.00639381531482769,88,42
wiki2018,0.8,admission_precision,full_cap020,precision_only_budget_matched_uniform_cap020,-0.0031104385612236163,-0.0010499514397459275,-0.005870748284777667,-0.0003933214225451261,89,42
wiki2018,0.8,selected_admissions_per_slot,full_cap020,precision_only_budget_matched_uniform_cap020,-10.077777777777778,0.0,-24.177777777777777,4.2,90,42
wiki2018,0.8,slot_hit_ratio,full_cap020,precision_only_budget_matched_random_cap020,0.0003678888888888843,6.999999999998674e-05,0.00012655555555555074,0.0006562222222222173,90,42
wiki2018,0.8,admission_hit_yield,full_cap020,precision_only_budget_matched_random_cap020,-32.75959314377023,-0.006894363953837579,-87.20010268003877,-2.380541992721795,90,42
wiki2018,0.8,pollution_proxy,full_cap020,precision_only_budget_matched_random_cap020,0.00683886746738205,0.0037174721189591198,0.0008062219644094021,0.013001780947890314,82,42
wiki2018,0.8,admission_precision,full_cap020,precision_only_budget_matched_random_cap020,-0.005506762785540837,-0.0012391573729863686,-0.009576923065711711,-0.0015753887114142778,83,42
wiki2018,0.8,selected_admissions_per_slot,full_cap020,precision_only_budget_matched_random_cap020,-14.666666666666666,-3.5,-47.53333333333333,24.61111111111111,90,42
wiki2018,0.8,slot_hit_ratio,full_cap020,precision_only_budget_replay_cap020,0.0,0.0,0.0,0.0,90,42
wiki2018,0.8,admission_hit_yield,full_cap020,precision_only_budget_replay_cap020,0.0,0.0,0.0,0.0,90,42
wiki2018,0.8,pollution_proxy,full_cap020,precision_only_budget_replay_cap020,0.0,0.0,0.0,0.0,88,42
wiki2018,0.8,admission_precision,full_cap020,precision_only_budget_replay_cap020,0.0,0.0,0.0,0.0,89,42
wiki2018,0.8,selected_admissions_per_slot,full_cap020,precision_only_budget_replay_cap020,0.0,0.0,0.0,0.0,90,42
wiki2018,0.8,slot_hit_ratio,full_cap020,precision_only_budget_replay_permuted_cap020,0.010460222222222215,0.0005749999999999922,0.007227111111111106,0.014033666666666668,90,42
wiki2018,0.8,admission_hit_yield,full_cap020,precision_only_budget_replay_permuted_cap020,-0.961776426583889,-0.21019241314561404,-1.7615200830217572,-0.36496281185720386,90,42
wiki2018,0.8,pollution_proxy,full_cap020,precision_only_budget_replay_permuted_cap020,0.05088679636523388,0.029919972547505225,0.036739832821467866,0.06602890894656653,88,42
wiki2018,0.8,admission_precision,full_cap020,precision_only_budget_replay_permuted_cap020,-0.04232533229858439,-0.014199019151209621,-0.05832846979015593,-0.027973000852735103,89,42
wiki2018,0.8,selected_admissions_per_slot,full_cap020,precision_only_budget_replay_permuted_cap020,0.0,-3.0,-66.27777777777777,67.1,90,42
wiki2018,0.8,slot_hit_ratio,precision_only_cap020,cap_only_cap020,0.0028241111111111075,-1.4999999999987246e-05,0.0016048888888888847,0.004221666666666667,90,42
wiki2018,0.8,admission_hit_yield,precision_only_cap020,cap_only_cap020,-0.3175103401895723,-0.07106087523467225,-0.7186344621013698,-0.09634626589467911,90,42
wiki2018,0.8,pollution_proxy,precision_only_cap020,cap_only_cap020,0.028397499996108588,0.02722122059327245,0.02206818115902973,0.03482541742060318,88,42
wiki2018,0.8,admission_precision,precision_only_cap020,cap_only_cap020,-0.017240606917754208,-0.010618760741296834,-0.025802405741772446,-0.009775448864671906,89,42
wiki2018,0.8,selected_admissions_per_slot,precision_only_cap020,cap_only_cap020,-104.11111111111111,-193.0,-139.43333333333334,-65.87777777777778,90,42
wiki2018,1.0,slot_hit_ratio,full_cap020,precision_only_cap020,-0.00014477777777777392,-1.0000000000037756e-05,-0.0002573333333333298,-4.2222222222222506e-05,90,42
wiki2018,1.0,admission_hit_yield,full_cap020,precision_only_cap020,-0.015256038424749542,-0.00585381939482249,-0.02556327793756471,-0.0033966482528842846,90,42
wiki2018,1.0,pollution_proxy,full_cap020,precision_only_cap020,0.007566757219884055,0.0017638659461881034,0.0041834616511121775,0.011210388392281919,88,42
wiki2018,1.0,admission_precision,full_cap020,precision_only_cap020,-0.002596584659385242,0.0,-0.004222461490456968,-0.0010003339225057375,89,42
wiki2018,1.0,selected_admissions_per_slot,full_cap020,precision_only_cap020,-66.6,0.0,-83.63333333333334,-48.766666666666666,90,42
wiki2018,1.0,slot_hit_ratio,full_cap020,precision_only_budget_matched_uniform_cap020,0.0004530000000000022,3.500000000000725e-05,0.00022788888888889168,0.0007052222222222237,90,42
wiki2018,1.0,admission_hit_yield,full_cap020,precision_only_budget_matched_uniform_cap020,-0.06261938734337871,-0.02598974696832118,-0.12569596199355676,-0.021228918877035013,90,42
wiki2018,1.0,pollution_proxy,full_cap020,precision_only_budget_matched_uniform_cap020,0.00981258760998394,0.009092248510565337,0.006505440067939814,0.013062099444943527,88,42
wiki2018,1.0,admission_precision,full_cap020,precision_only_budget_matched_uniform_cap020,-0.005137282990492491,-0.003995089159924331,-0.0075214000000772,-0.002903361519790137,89,42
wiki2018,1.0,selected_admissions_per_slot,full_cap020,precision_only_budget_matched_uniform_cap020,-21.755555555555556,0.0,-40.2,-1.7666666666666666,90,42
wiki2018,1.0,slot_hit_ratio,full_cap020,precision_only_budget_matched_random_cap020,0.00034144444444444543,3.500000000000725e-05,0.0001260000000000045,0.0005971111111111167,90,42
wiki2018,1.0,admission_hit_yield,full_cap020,precision_only_budget_matched_random_cap020,-32.17174007144322,-0.009799350410434005,-85.37650858741175,-2.3015792871109992,90,42
wiki2018,1.0,pollution_proxy,full_cap020,precision_only_budget_matched_random_cap020,0.009057300768107523,0.003493580355399317,0.004256242928788301,0.014207972757321871,82,42
wiki2018,1.0,admission_precision,full_cap020,precision_only_budget_matched_random_cap020,-0.005880946310828591,-0.0017761989342806317,-0.009596752730121156,-0.0027106963748059058,83,42
wiki2018,1.0,selected_admissions_per_slot,full_cap020,precision_only_budget_matched_random_cap020,-15.033333333333333,0.0,-52.477777777777774,31.9,90,42
wiki2018,1.0,slot_hit_ratio,full_cap020,precision_only_budget_replay_cap020,0.0,0.0,0.0,0.0,90,42
wiki2018,1.0,admission_hit_yield,full_cap020,precision_only_budget_replay_cap020,0.0,0.0,0.0,0.0,90,42
wiki2018,1.0,pollution_proxy,full_cap020,precision_only_budget_replay_cap020,0.0,0.0,0.0,0.0,88,42
wiki2018,1.0,admission_precision,full_cap020,precision_only_budget_replay_cap020,0.0,0.0,0.0,0.0,89,42
wiki2018,1.0,selected_admissions_per_slot,full_cap020,precision_only_budget_replay_cap020,0.0,0.0,0.0,0.0,90,42
wiki2018,1.0,slot_hit_ratio,full_cap020,precision_only_budget_replay_permuted_cap020,0.011332777777777782,0.0016999999999999793,0.008167555555555562,0.014823000000000006,90,42
wiki2018,1.0,admission_hit_yield,full_cap020,precision_only_budget_replay_permuted_cap020,-0.7337411858798714,-0.11452885251655387,-1.3653635430216158,-0.249487523561278,90,42
wiki2018,1.0,pollution_proxy,full_cap020,precision_only_budget_replay_permuted_cap020,0.039061809853710716,0.01922453899525292,0.02279322983582436,0.05562641803037574,88,42
wiki2018,1.0,admission_precision,full_cap020,precision_only_budget_replay_permuted_cap020,-0.031232814783496796,-0.00858330199685671,-0.047482054241258786,-0.017145316775481048,89,42
wiki2018,1.0,selected_admissions_per_slot,full_cap020,precision_only_budget_replay_permuted_cap020,0.0,-5.0,-77.46666666666667,76.56666666666666,90,42
wiki2018,1.0,slot_hit_ratio,precision_only_cap020,cap_only_cap020,0.003463888888888889,0.0012900000000000134,0.0024518888888888837,0.0045867777777777825,90,42
wiki2018,1.0,admission_hit_yield,precision_only_cap020,cap_only_cap020,-0.1991825619955147,-0.006856867976194336,-0.5211605178608983,-0.02108839391660969,90,42
wiki2018,1.0,pollution_proxy,precision_only_cap020,cap_only_cap020,0.003706817367818904,-0.0004826470795057103,-0.0036004252622525903,0.011636548660719871,88,42
wiki2018,1.0,admission_precision,precision_only_cap020,cap_only_cap020,-0.012092122246003928,-0.004501653840961253,-0.019903814333649218,-0.005096935570927971,89,42
wiki2018,1.0,selected_admissions_per_slot,precision_only_cap020,cap_only_cap020,-155.6,-241.0,-193.0222222222222,-113.71111111111111,90,42
wiki2018,2.0,slot_hit_ratio,full_cap020,precision_only_cap020,0.0,0.0,0.0,0.0,90,42
wiki2018,2.0,admission_hit_yield,full_cap020,precision_only_cap020,0.0,0.0,0.0,0.0,90,42
wiki2018,2.0,pollution_proxy,full_cap020,precision_only_cap020,0.0,0.0,0.0,0.0,88,42
wiki2018,2.0,admission_precision,full_cap020,precision_only_cap020,0.0,0.0,0.0,0.0,89,42
wiki2018,2.0,selected_admissions_per_slot,full_cap020,precision_only_cap020,0.0,0.0,0.0,0.0,90,42
wiki2018,2.0,slot_hit_ratio,full_cap020,precision_only_budget_matched_uniform_cap020,0.0,0.0,0.0,0.0,90,42
wiki2018,2.0,admission_hit_yield,full_cap020,precision_only_budget_matched_uniform_cap020,0.0,0.0,0.0,0.0,90,42
wiki2018,2.0,pollution_proxy,full_cap020,precision_only_budget_matched_uniform_cap020,0.0,0.0,0.0,0.0,88,42
wiki2018,2.0,admission_precision,full_cap020,precision_only_budget_matched_uniform_cap020,0.0,0.0,0.0,0.0,89,42
wiki2018,2.0,selected_admissions_per_slot,full_cap020,precision_only_budget_matched_uniform_cap020,0.0,0.0,0.0,0.0,90,42
wiki2018,2.0,slot_hit_ratio,full_cap020,precision_only_budget_matched_random_cap020,0.0,0.0,0.0,0.0,90,42
wiki2018,2.0,admission_hit_yield,full_cap020,precision_only_budget_matched_random_cap020,0.0,0.0,0.0,0.0,90,42
wiki2018,2.0,pollution_proxy,full_cap020,precision_only_budget_matched_random_cap020,0.0,0.0,0.0,0.0,88,42
wiki2018,2.0,admission_precision,full_cap020,precision_only_budget_matched_random_cap020,0.0,0.0,0.0,0.0,89,42
wiki2018,2.0,selected_admissions_per_slot,full_cap020,precision_only_budget_matched_random_cap020,0.0,0.0,0.0,0.0,90,42
wiki2018,2.0,slot_hit_ratio,full_cap020,precision_only_budget_replay_cap020,0.0,0.0,0.0,0.0,90,42
wiki2018,2.0,admission_hit_yield,full_cap020,precision_only_budget_replay_cap020,0.0,0.0,0.0,0.0,90,42
wiki2018,2.0,pollution_proxy,full_cap020,precision_only_budget_replay_cap020,0.0,0.0,0.0,0.0,88,42
wiki2018,2.0,admission_precision,full_cap020,precision_only_budget_replay_cap020,0.0,0.0,0.0,0.0,89,42
wiki2018,2.0,selected_admissions_per_slot,full_cap020,precision_only_budget_replay_cap020,0.0,0.0,0.0,0.0,90,42
wiki2018,2.0,slot_hit_ratio,full_cap020,precision_only_budget_replay_permuted_cap020,0.016682000000000006,0.0030950000000000144,0.012055444444444443,0.021839000000000004,90,42
wiki2018,2.0,admission_hit_yield,full_cap020,precision_only_budget_replay_permuted_cap020,-0.5880489211954718,-0.04329658074195425,-1.1691202160105283,-0.14151603794985157,90,42
wiki2018,2.0,pollution_proxy,full_cap020,precision_only_budget_replay_permuted_cap020,0.05095332414977749,0.014860949348145802,0.030866238588448922,0.07242778626810255,88,42
wiki2018,2.0,admission_precision,full_cap020,precision_only_budget_replay_permuted_cap020,-0.023739060516628538,-0.003211789690820966,-0.040800594256173696,-0.008803731454200693,89,42
wiki2018,2.0,selected_admissions_per_slot,full_cap020,precision_only_budget_replay_permuted_cap020,0.0,-12.5,-212.35555555555555,205.45555555555555,90,42
wiki2018,2.0,slot_hit_ratio,precision_only_cap020,cap_only_cap020,0.001402222222222222,9.99999999995449e-06,0.0005726666666666688,0.0024525555555555546,90,42
wiki2018,2.0,admission_hit_yield,precision_only_cap020,cap_only_cap020,-0.08534987582363979,0.0,-0.24597163058047383,0.00035116751997674536,90,42
wiki2018,2.0,pollution_proxy,precision_only_cap020,cap_only_cap020,0.006039333487306622,0.0,0.0019493487440994182,0.010929081536090178,88,42
wiki2018,2.0,admission_precision,precision_only_cap020,cap_only_cap020,-0.0028770514680138,0.0,-0.005775699895230241,-0.0006461342651232046,89,42
wiki2018,2.0,selected_admissions_per_slot,precision_only_cap020,cap_only_cap020,5.0777777777777775,0.0,-76.84444444444445,102.16666666666667,90,42
wiki2018,3.0,slot_hit_ratio,full_cap020,precision_only_cap020,2.088888888888696e-05,-9.99999999995449e-06,-0.00015100000000000793,0.00020700000000000408,90,42
wiki2018,3.0,admission_hit_yield,full_cap020,precision_only_cap020,-0.0009712202327056317,0.0,-0.024926258893441893,0.019102049772273408,90,42
wiki2018,3.0,pollution_proxy,full_cap020,precision_only_cap020,3.525203571728091e-06,0.0,-0.001666490864347185,0.0020855181764233527,88,42
wiki2018,3.0,admission_precision,full_cap020,precision_only_cap020,0.0001149462182088831,0.0,-0.0003790370783059477,0.0005726110614024994,89,42
wiki2018,3.0,selected_admissions_per_slot,full_cap020,precision_only_cap020,21.744444444444444,0.0,-37.86666666666667,109.46666666666667,90,42
wiki2018,3.0,slot_hit_ratio,full_cap020,precision_only_budget_matched_uniform_cap020,-0.00012755555555555236,-9.99999999995449e-06,-0.00031544444444444843,4.744444444444749e-05,90,42
wiki2018,3.0,admission_hit_yield,full_cap020,precision_only_budget_matched_uniform_cap020,0.0005791155623321417,0.0,-0.024054274276801513,0.02051603666657172,90,42
wiki2018,3.0,pollution_proxy,full_cap020,precision_only_budget_matched_uniform_cap020,-8.084629320387164e-05,0.0,-0.0018207375152152537,0.0020487832421600214,88,42
wiki2018,3.0,admission_precision,full_cap020,precision_only_budget_matched_uniform_cap020,0.00014936955128088352,0.0,-0.00037493598895728115,0.0006385817785165869,89,42
wiki2018,3.0,selected_admissions_per_slot,full_cap020,precision_only_budget_matched_uniform_cap020,13.7,0.0,-45.65555555555556,102.4,90,42
wiki2018,3.0,slot_hit_ratio,full_cap020,precision_only_budget_matched_random_cap020,2.088888888888696e-05,-9.99999999995449e-06,-0.00015100000000000793,0.00020700000000000408,90,42
wiki2018,3.0,admission_hit_yield,full_cap020,precision_only_budget_matched_random_cap020,-0.0009712202327056317,0.0,-0.024926258893441893,0.019102049772273408,90,42
wiki2018,3.0,pollution_proxy,full_cap020,precision_only_budget_matched_random_cap020,3.525203571728091e-06,0.0,-0.001666490864347185,0.0020855181764233527,88,42
wiki2018,3.0,admission_precision,full_cap020,precision_only_budget_matched_random_cap020,0.0001149462182088831,0.0,-0.0003790370783059477,0.0005726110614024994,89,42
wiki2018,3.0,selected_admissions_per_slot,full_cap020,precision_only_budget_matched_random_cap020,21.744444444444444,0.0,-37.86666666666667,109.46666666666667,90,42
wiki2018,3.0,slot_hit_ratio,full_cap020,precision_only_budget_replay_cap020,0.0,0.0,0.0,0.0,90,42
wiki2018,3.0,admission_hit_yield,full_cap020,precision_only_budget_replay_cap020,0.0,0.0,0.0,0.0,90,42
wiki2018,3.0,pollution_proxy,full_cap020,precision_only_budget_replay_cap020,0.0,0.0,0.0,0.0,88,42
wiki2018,3.0,admission_precision,full_cap020,precision_only_budget_replay_cap020,0.0,0.0,0.0,0.0,89,42
wiki2018,3.0,selected_admissions_per_slot,full_cap020,precision_only_budget_replay_cap020,0.0,0.0,0.0,0.0,90,42
wiki2018,3.0,slot_hit_ratio,full_cap020,precision_only_budget_replay_permuted_cap020,0.026606666666666657,0.008079999999999976,0.02092244444444444,0.03295333333333335,90,42
wiki2018,3.0,admission_hit_yield,full_cap020,precision_only_budget_replay_permuted_cap020,-0.7536863844939329,-0.060085233339444905,-1.5138141889845889,-0.21052346421922866,90,42
wiki2018,3.0,pollution_proxy,full_cap020,precision_only_budget_replay_permuted_cap020,0.0746032755962754,0.02540534960115448,0.05073544561711282,0.10104674262488263,88,42
wiki2018,3.0,admission_precision,full_cap020,precision_only_budget_replay_permuted_cap020,-0.029459216441061985,-0.00427571621194868,-0.046723261828773226,-0.015467548308126881,89,42
wiki2018,3.0,selected_admissions_per_slot,full_cap020,precision_only_budget_replay_permuted_cap020,0.0,-7.0,-428.47777777777776,438.6333333333333,90,42
wiki2018,3.0,slot_hit_ratio,precision_only_cap020,cap_only_cap020,0.0004949999999999998,4.999999999999449e-05,7.244444444444411e-05,0.0009937777777777731,90,42
wiki2018,3.0,admission_hit_yield,precision_only_cap020,cap_only_cap020,-0.03924809235964566,-0.0011934550809427347,-0.13460768690467598,0.016198302707609455,90,42
wiki2018,3.0,pollution_proxy,precision_only_cap020,cap_only_cap020,0.002734666120760114,0.0,-0.0004983822919153055,0.006804321806223781,88,42
wiki2018,3.0,admission_precision,precision_only_cap020,cap_only_cap020,-0.0008143480648035255,0.0,-0.0022388877048897604,0.0001879023684472517,89,42
wiki2018,3.0,selected_admissions_per_slot,precision_only_cap020,cap_only_cap020,-9.822222222222223,0.0,-147.9777777777778,160.1,90,42
wiki2018,4.0,slot_hit_ratio,full_cap020,precision_only_cap020,-0.00022366666666665474,-4.999999999977245e-06,-0.0003618888888888813,-0.00010399999999998682,90,42
wiki2018,4.0,admission_hit_yield,full_cap020,precision_only_cap020,0.0010179078023342314,0.0,-0.0007519931926111902,0.0035368128328291874,90,42
wiki2018,4.0,pollution_proxy,full_cap020,precision_only_cap020,-0.0008168268926936995,0.0,-0.0018386213067281881,2.7499929557995246e-05,88,42
wiki2018,4.0,admission_precision,full_cap020,precision_only_cap020,0.00010924945597637894,0.0,-0.0001199507880475023,0.00032043710400907844,89,42
wiki2018,4.0,selected_admissions_per_slot,full_cap020,precision_only_cap020,-18.122222222222224,0.0,-53.25555555555555,0.5666666666666667,90,42
wiki2018,4.0,slot_hit_ratio,full_cap020,precision_only_budget_matched_uniform_cap020,-0.00014244444444444442,-1.0000000000010001e-05,-0.000240555555555563,-6.088888888889427e-05,90,42
wiki2018,4.0,admission_hit_yield,full_cap020,precision_only_budget_matched_uniform_cap020,0.0003621209901878432,0.0,-0.0017938520293606696,0.003032773593823749,90,42
wiki2018,4.0,pollution_proxy,full_cap020,precision_only_budget_matched_uniform_cap020,-0.0008307905855780745,0.0,-0.0017532926140259037,-7.675186255250155e-05,88,42
wiki2018,4.0,admission_precision,full_cap020,precision_only_budget_matched_uniform_cap020,5.048490763203091e-05,0.0,-0.00020475453168437637,0.00028452895377715733,89,42
wiki2018,4.0,selected_admissions_per_slot,full_cap020,precision_only_budget_matched_uniform_cap020,-10.044444444444444,0.0,-44.48888888888889,9.411111111111111,90,42
wiki2018,4.0,slot_hit_ratio,full_cap020,precision_only_budget_matched_random_cap020,-0.00027811111111110306,-4.999999999999449e-05,-0.00041088888888887054,-0.00015966666666665673,90,42
wiki2018,4.0,admission_hit_yield,full_cap020,precision_only_budget_matched_random_cap020,-0.9051999624926806,0.0006298101769248304,-2.7251715560506424,0.0063334268242039105,90,42
wiki2018,4.0,pollution_proxy,full_cap020,precision_only_budget_matched_random_cap020,-0.001184682057767903,0.0,-0.002237668065884588,-0.0002829561580303974,87,42
wiki2018,4.0,admission_precision,full_cap020,precision_only_budget_matched_random_cap020,0.00032375580844091117,0.0,2.4584976896042457e-05,0.0006060081768531754,88,42
wiki2018,4.0,selected_admissions_per_slot,full_cap020,precision_only_budget_matched_random_cap020,-1.0222222222222221,0.0,-44.91111111111111,34.48888888888889,90,42
wiki2018,4.0,slot_hit_ratio,full_cap020,precision_only_budget_replay_cap020,0.0,0.0,0.0,0.0,90,42
wiki2018,4.0,admission_hit_yield,full_cap020,precision_only_budget_replay_cap020,0.0,0.0,0.0,0.0,90,42
wiki2018,4.0,pollution_proxy,full_cap020,precision_only_budget_replay_cap020,0.0,0.0,0.0,0.0,88,42
wiki2018,4.0,admission_precision,full_cap020,precision_only_budget_replay_cap020,0.0,0.0,0.0,0.0,89,42
wiki2018,4.0,selected_admissions_per_slot,full_cap020,precision_only_budget_replay_cap020,0.0,0.0,0.0,0.0,90,42
wiki2018,4.0,slot_hit_ratio,full_cap020,precision_only_budget_replay_permuted_cap020,0.035146555555555556,0.024729999999999974,0.028259555555555562,0.04258688888888888,90,42
wiki2018,4.0,admission_hit_yield,full_cap020,precision_only_budget_replay_permuted_cap020,-0.85612084009074,-0.06467719973673663,-1.715333213655543,-0.24778554934490782,90,42
wiki2018,4.0,pollution_proxy,full_cap020,precision_only_budget_replay_permuted_cap020,0.09401561680841947,0.04151827161089022,0.06775860566404118,0.12289049176709822,88,42
wiki2018,4.0,admission_precision,full_cap020,precision_only_budget_replay_permuted_cap020,-0.03259013026854384,-0.006689041201551987,-0.051684383307036626,-0.01806989173232611,89,42
wiki2018,4.0,selected_admissions_per_slot,full_cap020,precision_only_budget_replay_permuted_cap020,0.0,-5.0,-569.1777777777778,595.1111111111111,90,42
wiki2018,4.0,slot_hit_ratio,precision_only_cap020,cap_only_cap020,0.00036133333333332403,6.499999999998174e-05,-7.566666666667512e-05,0.0008210000000000013,90,42
wiki2018,4.0,admission_hit_yield,precision_only_cap020,cap_only_cap020,-0.032601985145367635,-0.000559910414333703,-0.10837691098772423,0.015827185961261966,90,42
wiki2018,4.0,pollution_proxy,precision_only_cap020,cap_only_cap020,0.002991744366659326,0.0011505005570566773,-0.001281749650039213,0.007919886762815418,88,42
wiki2018,4.0,admission_precision,precision_only_cap020,cap_only_cap020,-0.0005061937990228051,0.0,-0.00176288591457522,0.0004232621267308313,89,42
wiki2018,4.0,selected_admissions_per_slot,precision_only_cap020,cap_only_cap020,15.011111111111111,0.0,-192.77777777777777,268.76666666666665,90,42
wiki2018,5.0,slot_hit_ratio,full_cap020,precision_only_cap020,0.00012333333333333703,0.0,-5.7333333333330225e-05,0.00031522222222223094,90,42
wiki2018,5.0,admission_hit_yield,full_cap020,precision_only_cap020,-0.003406545512338118,0.0,-0.026528359646866007,0.015040303178737339,90,42
wiki2018,5.0,pollution_proxy,full_cap020,precision_only_cap020,0.0008013813705874471,0.0,-0.0011929316741266618,0.00350437620538278,88,42
wiki2018,5.0,admission_precision,full_cap020,precision_only_cap020,7.143692165846238e-05,0.0,-0.0004926769643606167,0.0004963509495519619,89,42
wiki2018,5.0,selected_admissions_per_slot,full_cap020,precision_only_cap020,26.1,0.0,-60.888888888888886,139.96666666666667,90,42
wiki2018,5.0,slot_hit_ratio,full_cap020,precision_only_budget_matched_uniform_cap020,-8.655555555555391e-05,-2.0000000000020002e-05,-0.00027377777777778326,8.455555555555624e-05,90,42
wiki2018,5.0,admission_hit_yield,full_cap020,precision_only_budget_matched_uniform_cap020,-0.002176316207562201,0.0,-0.02480971964276802,0.016442877430976055,90,42
wiki2018,5.0,pollution_proxy,full_cap020,precision_only_budget_matched_uniform_cap020,0.0002473986006086556,-0.0009651922297121973,-0.0016191803746651889,0.0028664713737686543,88,42
wiki2018,5.0,admission_precision,full_cap020,precision_only_budget_matched_uniform_cap020,0.00014186244510448181,0.0,-0.00043462004944179835,0.0005886829529088761,89,42
wiki2018,5.0,selected_admissions_per_slot,full_cap020,precision_only_budget_matched_uniform_cap020,13.977777777777778,0.0,-71.84444444444445,132.12222222222223,90,42
wiki2018,5.0,slot_hit_ratio,full_cap020,precision_only_budget_matched_random_cap020,0.00012333333333333703,0.0,-5.7333333333330225e-05,0.00031522222222223094,90,42
wiki2018,5.0,admission_hit_yield,full_cap020,precision_only_budget_matched_random_cap020,-0.003406545512338118,0.0,-0.026528359646866007,0.015040303178737339,90,42
wiki2018,5.0,pollution_proxy,full_cap020,precision_only_budget_matched_random_cap020,0.0008013813705874471,0.0,-0.0011929316741266618,0.00350437620538278,88,42
wiki2018,5.0,admission_precision,full_cap020,precision_only_budget_matched_random_cap020,7.143692165846238e-05,0.0,-0.0004926769643606167,0.0004963509495519619,89,42
wiki2018,5.0,selected_admissions_per_slot,full_cap020,precision_only_budget_matched_random_cap020,26.1,0.0,-60.888888888888886,139.96666666666667,90,42
wiki2018,5.0,slot_hit_ratio,full_cap020,precision_only_budget_replay_cap020,0.0,0.0,0.0,0.0,90,42
wiki2018,5.0,admission_hit_yield,full_cap020,precision_only_budget_replay_cap020,0.0,0.0,0.0,0.0,90,42
wiki2018,5.0,pollution_proxy,full_cap020,precision_only_budget_replay_cap020,0.0,0.0,0.0,0.0,88,42
wiki2018,5.0,admission_precision,full_cap020,precision_only_budget_replay_cap020,0.0,0.0,0.0,0.0,89,42
wiki2018,5.0,selected_admissions_per_slot,full_cap020,precision_only_budget_replay_cap020,0.0,0.0,0.0,0.0,90,42
wiki2018,5.0,slot_hit_ratio,full_cap020,precision_only_budget_replay_permuted_cap020,0.04429300000000001,0.04083500000000001,0.0366237777777778,0.052550111111111145,90,42
wiki2018,5.0,admission_hit_yield,full_cap020,precision_only_budget_replay_permuted_cap020,-0.9223140069548628,-0.08923405846542251,-1.8405749254927704,-0.2547041360413571,90,42
wiki2018,5.0,pollution_proxy,full_cap020,precision_only_budget_replay_permuted_cap020,0.10286310487502472,0.05010486111874107,0.07312338614707228,0.13400290446135202,88,42
wiki2018,5.0,admission_precision,full_cap020,precision_only_budget_replay_permuted_cap020,-0.03155443185067092,-0.0089716396054955,-0.05177343959594796,-0.014813322233187442,89,42
wiki2018,5.0,selected_admissions_per_slot,full_cap020,precision_only_budget_replay_permuted_cap020,0.0,-6.5,-705.3444444444444,704.3777777777777,90,42
wiki2018,5.0,slot_hit_ratio,precision_only_cap020,cap_only_cap020,0.0005285555555555494,0.0005350000000000077,1.5888888888874556e-05,0.0009758888888888873,90,42
wiki2018,5.0,admission_hit_yield,precision_only_cap020,cap_only_cap020,-0.022924212074565523,-0.0015588701289864781,-0.07798662436886986,0.017800611874726487,90,42
wiki2018,5.0,pollution_proxy,precision_only_cap020,cap_only_cap020,0.003289921479496766,0.0011086061357445387,-0.0012366499182112967,0.008579873497647742,88,42
wiki2018,5.0,admission_precision,precision_only_cap020,cap_only_cap020,-5.914434002321582e-05,1.2074611439004401e-05,-0.0011726075979713582,0.0008260331416681037,89,42
wiki2018,5.0,selected_admissions_per_slot,precision_only_cap020,cap_only_cap020,-22.844444444444445,-1.0,-269.02222222222224,270.9555555555556,90,42
wikipedia_september_2007,0.8,slot_hit_ratio,full_cap020,precision_only_cap020,5.737499999999285e-05,2.999999999997449e-05,-1.0625000000004382e-05,0.0001222499999999932,80,42
wikipedia_september_2007,0.8,admission_hit_yield,full_cap020,precision_only_cap020,-0.008450153284925226,-0.0036536353671903776,-0.018496158588936037,0.0037512554905023364,80,42
wikipedia_september_2007,0.8,pollution_proxy,full_cap020,precision_only_cap020,0.007307962038736819,0.0008731721494548983,0.0015667681299769214,0.013298199379704867,78,42
wikipedia_september_2007,0.8,admission_precision,full_cap020,precision_only_cap020,-0.0031277634332731725,0.0,-0.00576032492207136,-0.0006120161639862493,79,42
wikipedia_september_2007,0.8,selected_admissions_per_slot,full_cap020,precision_only_cap020,-63.325,-96.0,-72.6125,-53.0,80,42
wikipedia_september_2007,0.8,slot_hit_ratio,full_cap020,precision_only_budget_matched_uniform_cap020,0.0006930000000000047,5.500000000002725e-05,0.00034575000000000437,0.0010750000000000009,80,42
wikipedia_september_2007,0.8,admission_hit_yield,full_cap020,precision_only_budget_matched_uniform_cap020,-0.20691847842103214,-0.03365934101818896,-0.49655373558914756,-0.03341215031681628,80,42
wikipedia_september_2007,0.8,pollution_proxy,full_cap020,precision_only_budget_matched_uniform_cap020,0.012806623815478833,0.01320261437908496,0.007120131770217455,0.01825678547126876,78,42
wikipedia_september_2007,0.8,admission_precision,full_cap020,precision_only_budget_matched_uniform_cap020,-0.007250329119184012,-0.004274292742927441,-0.011617129429460811,-0.0031889803127704815,79,42
wikipedia_september_2007,0.8,selected_admissions_per_slot,full_cap020,precision_only_budget_matched_uniform_cap020,-22.25,-45.0,-40.25,-7.1125,80,42
wikipedia_september_2007,0.8,slot_hit_ratio,full_cap020,precision_only_budget_matched_random_cap020,0.0005236250000000053,0.00014499999999995072,0.00029625000000000067,0.0007892500000000066,80,42
wikipedia_september_2007,0.8,admission_hit_yield,full_cap020,precision_only_budget_matched_random_cap020,-15.235521371356143,-0.016036132360641553,-25.525421175088614,-6.69761496707757,80,42
wikipedia_september_2007,0.8,pollution_proxy,full_cap020,precision_only_budget_matched_random_cap020,0.010339911526254953,0.006898257571593458,0.0038438058930500025,0.016532289730591464,67,42
wikipedia_september_2007,0.8,admission_precision,full_cap020,precision_only_budget_matched_random_cap020,-0.007372002819106934,-0.0032692312528448605,-0.011535793399437244,-0.0034857239182203466,68,42
wikipedia_september_2007,0.8,selected_admissions_per_slot,full_cap020,precision_only_budget_matched_random_cap020,-17.9875,-96.0,-45.05,11.7375,80,42
wikipedia_september_2007,0.8,slot_hit_ratio,full_cap020,precision_only_budget_replay_cap020,-6.62500000000038e-06,0.0,-1.1750000000003425e-05,-1.375000000002069e-06,80,42
wikipedia_september_2007,0.8,admission_hit_yield,full_cap020,precision_only_budget_replay_cap020,-0.00023763056701318064,0.0,-0.000884955752212388,0.0002811446040813126,80,42
wikipedia_september_2007,0.8,pollution_proxy,full_cap020,precision_only_budget_replay_cap020,-0.0001433880202189298,0.0,-0.0005192169257869389,0.00021853555219591267,78,42
wikipedia_september_2007,0.8,admission_precision,full_cap020,precision_only_budget_replay_cap020,-0.00016802957320488407,0.0,-0.0004480788618796902,5.600985773496126e-05,79,42
wikipedia_september_2007,0.8,selected_admissions_per_slot,full_cap020,precision_only_budget_replay_cap020,0.0,0.0,0.0,0.0,80,42
wikipedia_september_2007,0.8,slot_hit_ratio,full_cap020,precision_only_budget_replay_permuted_cap020,0.015411125000000012,0.0013650000000000606,0.010220625,0.021656500000000006,80,42
wikipedia_september_2007,0.8,admission_hit_yield,full_cap020,precision_only_budget_replay_permuted_cap020,-4.560931276758905,-0.12610619469026546,-8.949498212467308,-1.2090796165176467,80,42
wikipedia_september_2007,0.8,pollution_proxy,full_cap020,precision_only_budget_replay_permuted_cap020,0.07984675086997332,0.026847169546284633,0.05615209296858728,0.1063949048162667,78,42
wikipedia_september_2007,0.8,admission_precision,full_cap020,precision_only_budget_replay_permuted_cap020,-0.08067707451871099,-0.013274336283185834,-0.11974933102465582,-0.04682748371822858,79,42
wikipedia_september_2007,0.8,selected_admissions_per_slot,full_cap020,precision_only_budget_replay_permuted_cap020,0.0,0.0,-64.1875,60.275,80,42
wikipedia_september_2007,0.8,slot_hit_ratio,precision_only_cap020,cap_only_cap020,0.0016973750000000107,0.00045000000000000595,0.001072500000000011,0.0024135000000000072,80,42
wikipedia_september_2007,0.8,admission_hit_yield,precision_only_cap020,cap_only_cap020,-0.4523017081191747,-0.029192546583850953,-1.1334718069950194,-0.05975117319180281,80,42
wikipedia_september_2007,0.8,pollution_proxy,precision_only_cap020,cap_only_cap020,0.018580218461026286,0.014227382927140486,0.01314552401073615,0.024423174862750356,78,42
wikipedia_september_2007,0.8,admission_precision,precision_only_cap020,cap_only_cap020,-0.013535991654664237,-0.006832298136645973,-0.021994398083572075,-0.006262561126892073,79,42
wikipedia_september_2007,0.8,selected_admissions_per_slot,precision_only_cap020,cap_only_cap020,-99.025,-138.0,-120.8375,-75.8125,80,42
wikipedia_september_2007,1.0,slot_hit_ratio,full_cap020,precision_only_cap020,0.0003517499999999965,0.00029999999999996696,0.0002628749999999985,0.00043237499999998903,80,42
wikipedia_september_2007,1.0,admission_hit_yield,full_cap020,precision_only_cap020,0.008441744434057357,0.0,-0.0003600901408887004,0.019708087662450174,80,42
wikipedia_september_2007,1.0,pollution_proxy,full_cap020,precision_only_cap020,-0.0024133386813717525,0.0,-0.007102222448370914,0.0018368656348562796,78,42
wikipedia_september_2007,1.0,admission_precision,full_cap020,precision_only_cap020,0.001678047031945803,0.0,-0.00023120867748055668,0.0037305488822444205,79,42
wikipedia_september_2007,1.0,selected_admissions_per_slot,full_cap020,precision_only_cap020,-72.3125,-120.0,-84.75,-59.075,80,42
wikipedia_september_2007,1.0,slot_hit_ratio,full_cap020,precision_only_budget_matched_uniform_cap020,0.0007248750000000026,0.00029000000000001247,0.0004752499999999951,0.0010021249999999967,80,42
wikipedia_september_2007,1.0,admission_hit_yield,full_cap020,precision_only_budget_matched_uniform_cap020,-0.13953321159625626,-0.014243918374603926,-0.36517136146212575,-0.010392858513871823,80,42
wikipedia_september_2007,1.0,pollution_proxy,full_cap020,precision_only_budget_matched_uniform_cap020,0.00797169951933817,0.007243083260712491,0.003712471439592593,0.011865680401267465,78,42
wikipedia_september_2007,1.0,admission_precision,full_cap020,precision_only_budget_matched_uniform_cap020,-0.003346039754952928,-0.001964311560490456,-0.006524773760999499,-0.00042845447677004287,79,42
wikipedia_september_2007,1.0,selected_admissions_per_slot,full_cap020,precision_only_budget_matched_uniform_cap020,-23.45,-61.0,-41.5,-7.5,80,42
wikipedia_september_2007,1.0,slot_hit_ratio,full_cap020,precision_only_budget_matched_random_cap020,0.0008932499999999996,0.0005899999999999794,0.0006800000000000029,0.0011385000000000006,80,42
wikipedia_september_2007,1.0,admission_hit_yield,full_cap020,precision_only_budget_matched_random_cap020,-14.800658561680939,0.003045516187263675,-25.618760313708584,-5.887065368816567,80,42
wikipedia_september_2007,1.0,pollution_proxy,full_cap020,precision_only_budget_matched_random_cap020,0.0009863100115179255,0.0,-0.004759623159817078,0.006884610076149496,68,42
wikipedia_september_2007,1.0,admission_precision,full_cap020,precision_only_budget_matched_random_cap020,-0.0009715730603548537,-0.00018032447798715934,-0.004145870704067416,0.0020332268850721128,69,42
wikipedia_september_2007,1.0,selected_admissions_per_slot,full_cap020,precision_only_budget_matched_random_cap020,-16.0375,-92.5,-45.9625,19.1625,80,42
wikipedia_september_2007,1.0,slot_hit_ratio,full_cap020,precision_only_budget_replay_cap020,-3.1250000000010437e-06,0.0,-6.499999999998174e-06,-5.551115123125783e-18,80,42
wikipedia_september_2007,1.0,admission_hit_yield,full_cap020,precision_only_budget_replay_cap020,4.561248902042667e-05,0.0,-0.0005364345182213056,0.0005886745387244145,80,42
wikipedia_september_2007,1.0,pollution_proxy,full_cap020,precision_only_budget_replay_cap020,-6.944026385240327e-06,0.0,-0.0004009858619189839,0.00039197972178422883,78,42
wikipedia_september_2007,1.0,admission_precision,full_cap020,precision_only_budget_replay_cap020,-7.661372718031507e-05,0.0,-0.00019827452855316138,0.0,79,42
wikipedia_september_2007,1.0,selected_admissions_per_slot,full_cap020,precision_only_budget_replay_cap020,0.0,0.0,0.0,0.0,80,42
wikipedia_september_2007,1.0,slot_hit_ratio,full_cap020,precision_only_budget_replay_permuted_cap020,0.014468874999999997,0.0016899999999999693,0.009932624999999999,0.02009625,80,42
wikipedia_september_2007,1.0,admission_hit_yield,full_cap020,precision_only_budget_replay_permuted_cap020,-3.43809520348277,-0.12031479612613094,-6.864144638849678,-0.8144746155127528,80,42
wikipedia_september_2007,1.0,pollution_proxy,full_cap020,precision_only_budget_replay_permuted_cap020,0.06842437822064881,0.02491103202846978,0.04226987156690239,0.09482730138044741,78,42
wikipedia_september_2007,1.0,admission_precision,full_cap020,precision_only_budget_replay_permuted_cap020,-0.06548023213912456,-0.008034070993800137,-0.10355580102517797,-0.03438008218145156,79,42
wikipedia_september_2007,1.0,selected_admissions_per_slot,full_cap020,precision_only_budget_replay_permuted_cap020,0.0,0.0,-79.525,75.8,80,42
wikipedia_september_2007,1.0,slot_hit_ratio,precision_only_cap020,cap_only_cap020,0.0019990000000000034,0.0011450000000000071,0.0015176250000000044,0.0025498750000000027,80,42
wikipedia_september_2007,1.0,admission_hit_yield,precision_only_cap020,cap_only_cap020,-0.3237006418603514,0.004812694260352912,-0.8780794272560482,-0.013498665288994233,80,42
wikipedia_september_2007,1.0,pollution_proxy,precision_only_cap020,cap_only_cap020,0.0019872367629038203,-0.006302760536643137,-0.005086348944356612,0.009308940902325293,78,42
wikipedia_september_2007,1.0,admission_precision,precision_only_cap020,cap_only_cap020,-0.005600456333856535,0.001262115218063048,-0.012012893621895513,-0.00021464758850548796,79,42
wikipedia_september_2007,1.0,selected_admissions_per_slot,precision_only_cap020,cap_only_cap020,-122.0375,-172.0,-147.1875,-94.875,80,42
wikipedia_september_2007,2.0,slot_hit_ratio,full_cap020,precision_only_cap020,1.4999999999931734e-06,0.0,-2.750000000005526e-06,6.249999999989597e-06,80,42
wikipedia_september_2007,2.0,admission_hit_yield,full_cap020,precision_only_cap020,-0.0002384713258790222,0.0,-0.000985551435959741,0.0002299401104665859,80,42
wikipedia_september_2007,2.0,pollution_proxy,full_cap020,precision_only_cap020,3.563269135647973e-05,0.0,-0.00010417504302928079,0.00018115550711071077,78,42
wikipedia_september_2007,2.0,admission_precision,full_cap020,precision_only_cap020,4.164687693522834e-05,0.0,-4.052575457105282e-05,0.0001245917545567776,79,42
wikipedia_september_2007,2.0,selected_admissions_per_slot,full_cap020,precision_only_cap020,-0.0125,0.0,-0.0375,0.0,80,42
wikipedia_september_2007,2.0,slot_hit_ratio,full_cap020,precision_only_budget_matched_uniform_cap020,-1.1250000000059824e-06,0.0,-6.500000000006501e-06,4.499999999994786e-06,80,42
wikipedia_september_2007,2.0,admission_hit_yield,full_cap020,precision_only_budget_matched_uniform_cap020,-0.00033912570982364,0.0,-0.0009990439688062145,8.711660417470499e-05,80,42
wikipedia_september_2007,2.0,pollution_proxy,full_cap020,precision_only_budget_matched_uniform_cap020,0.00013889762980997733,0.0,-4.852192404382231e-05,0.0003519120847540512,78,42
wikipedia_september_2007,2.0,admission_precision,full_cap020,precision_only_budget_matched_uniform_cap020,1.2419372247137276e-06,0.0,-8.152741061333888e-05,8.364599450395131e-05,79,42
wikipedia_september_2007,2.0,selected_admissions_per_slot,full_cap020,precision_only_budget_matched_uniform_cap020,-0.0125,0.0,-0.0375,0.0,80,42
wikipedia_september_2007,2.0,slot_hit_ratio,full_cap020,precision_only_budget_matched_random_cap020,-1.1250000000059824e-06,0.0,-6.500000000006501e-06,4.499999999994786e-06,80,42
wikipedia_september_2007,2.0,admission_hit_yield,full_cap020,precision_only_budget_matched_random_cap020,-0.00033912570982364,0.0,-0.0009990439688062145,8.711660417470499e-05,80,42
wikipedia_september_2007,2.0,pollution_proxy,full_cap020,precision_only_budget_matched_random_cap020,0.00013889762980997733,0.0,-4.852192404382231e-05,0.0003519120847540512,78,42
wikipedia_september_2007,2.0,admission_precision,full_cap020,precision_only_budget_matched_random_cap020,1.2419372247137276e-06,0.0,-8.152741061333888e-05,8.364599450395131e-05,79,42
wikipedia_september_2007,2.0,selected_admissions_per_slot,full_cap020,precision_only_budget_matched_random_cap020,-0.0125,0.0,-0.0375,0.0,80,42
wikipedia_september_2007,2.0,slot_hit_ratio,full_cap020,precision_only_budget_replay_cap020,-1.7500000000073012e-06,0.0,-7.125000000005044e-06,3.8749999999920796e-06,80,42
wikipedia_september_2007,2.0,admission_hit_yield,full_cap020,precision_only_budget_replay_cap020,-0.0003056473356539878,0.0,-0.0009774521705503449,0.00014195053375395464,80,42
wikipedia_september_2007,2.0,pollution_proxy,full_cap020,precision_only_budget_replay_cap020,0.00010289013855763765,0.0,-8.402224088850413e-05,0.0003100791972878614,78,42
wikipedia_september_2007,2.0,admission_precision,full_cap020,precision_only_budget_replay_cap020,4.684165980463603e-07,0.0,-8.193564068119123e-05,8.307658891121011e-05,79,42
wikipedia_september_2007,2.0,selected_admissions_per_slot,full_cap020,precision_only_budget_replay_cap020,0.0,0.0,0.0,0.0,80,42
wikipedia_september_2007,2.0,slot_hit_ratio,full_cap020,precision_only_budget_replay_permuted_cap020,0.015095624999999991,0.0019500000000000073,0.01066175,0.020192000000000005,80,42
wikipedia_september_2007,2.0,admission_hit_yield,full_cap020,precision_only_budget_replay_permuted_cap020,-2.089349384256369,-0.03683155329514054,-4.698745493482955,-0.2667921521851767,80,42
wikipedia_september_2007,2.0,pollution_proxy,full_cap020,precision_only_budget_replay_permuted_cap020,0.08066686817931339,0.018674328571756937,0.05034660616733795,0.11235449559782036,78,42
wikipedia_september_2007,2.0,admission_precision,full_cap020,precision_only_budget_replay_permuted_cap020,-0.049240931237448424,-0.002802749867794819,-0.08291135113054017,-0.02100481704161235,79,42
wikipedia_september_2007,2.0,selected_admissions_per_slot,full_cap020,precision_only_budget_replay_permuted_cap020,0.0,0.5,-219.0625,212.8,80,42
wikipedia_september_2007,2.0,slot_hit_ratio,precision_only_cap020,cap_only_cap020,0.0004907500000000037,2.999999999997449e-05,8.312500000000195e-05,0.0009451249999999966,80,42
wikipedia_september_2007,2.0,admission_hit_yield,precision_only_cap020,cap_only_cap020,-0.15785412209050037,0.0,-0.4673073590455819,0.0041449014614671365,80,42
wikipedia_september_2007,2.0,pollution_proxy,precision_only_cap020,cap_only_cap020,0.004876820760337073,0.0,0.00040922931917672877,0.010132195462739755,78,42
wikipedia_september_2007,2.0,admission_precision,precision_only_cap020,cap_only_cap020,-0.0017765068033101154,0.0,-0.004148050628605323,-6.796817509510614e-06,79,42
wikipedia_september_2007,2.0,selected_admissions_per_slot,precision_only_cap020,cap_only_cap020,-14.8,0.0,-85.575,68.4625,80,42
wikipedia_september_2007,3.0,slot_hit_ratio,full_cap020,precision_only_cap020,-3.799999999999776e-05,-9.99999999995449e-06,-5.7249999999994805e-05,-2.0874999999993816e-05,80,42
wikipedia_september_2007,3.0,admission_hit_yield,full_cap020,precision_only_cap020,0.0003089393417435752,0.0,-0.0004313592327690959,0.001269531173883871,80,42
wikipedia_september_2007,3.0,pollution_proxy,full_cap020,precision_only_cap020,-0.00014452178219266962,0.0,-0.0004831719942766185,0.00021688823749973268,78,42
wikipedia_september_2007,3.0,admission_precision,full_cap020,precision_only_cap020,9.407311101269832e-06,0.0,-0.00013502930727852104,0.00014866090285312291,79,42
wikipedia_september_2007,3.0,selected_admissions_per_slot,full_cap020,precision_only_cap020,-2.2125,0.0,-7.3,0.6375,80,42
wikipedia_september_2007,3.0,slot_hit_ratio,full_cap020,precision_only_budget_matched_uniform_cap020,-2.6999999999995083e-05,-9.99999999995449e-06,-4.174999999998902e-05,-1.412500000000233e-05,80,42
wikipedia_september_2007,3.0,admission_hit_yield,full_cap020,precision_only_budget_matched_uniform_cap020,-8.497693484161745e-05,0.0,-0.0011848865236448528,0.001094083055337168,80,42
wikipedia_september_2007,3.0,pollution_proxy,full_cap020,precision_only_budget_matched_uniform_cap020,-0.00011953170218203438,0.0,-0.0004689079059433658,0.00020648954660423894,78,42
wikipedia_september_2007,3.0,admission_precision,full_cap020,precision_only_budget_matched_uniform_cap020,-4.7500752403554224e-05,0.0,-0.0001711695520999362,6.447879396317827e-05,79,42
wikipedia_september_2007,3.0,selected_admissions_per_slot,full_cap020,precision_only_budget_matched_uniform_cap020,-1.2375,0.0,-6.4625,1.7625,80,42
wikipedia_september_2007,3.0,slot_hit_ratio,full_cap020,precision_only_budget_matched_random_cap020,-3.9874999999997554e-05,-9.99999999995449e-06,-5.962499999999787e-05,-2.237500000000364e-05,80,42
wikipedia_september_2007,3.0,admission_hit_yield,full_cap020,precision_only_budget_matched_random_cap020,0.0003376380010533399,0.0,-0.00040234105629331876,0.0013215471788297962,80,42
wikipedia_september_2007,3.0,pollution_proxy,full_cap020,precision_only_budget_matched_random_cap020,-0.00011038190144267535,0.0,-0.0004710305369187635,0.00022740288781579856,78,42
wikipedia_september_2007,3.0,admission_precision,full_cap020,precision_only_budget_matched_random_cap020,-3.4817661587609954e-05,0.0,-0.00014770519000740446,7.060093669600794e-05,79,42
wikipedia_september_2007,3.0,selected_admissions_per_slot,full_cap020,precision_only_budget_matched_random_cap020,-2.1875,0.0,-7.275,0.6625,80,42
wikipedia_september_2007,3.0,slot_hit_ratio,full_cap020,precision_only_budget_replay_cap020,-1.249999999995699e-06,0.0,-5.87499999999963e-06,2.9999999999974492e-06,80,42
wikipedia_september_2007,3.0,admission_hit_yield,full_cap020,precision_only_budget_replay_cap020,-2.3295999260934675e-05,0.0,-0.0003270198830207134,0.000276646611417327,80,42
wikipedia_september_2007,3.0,pollution_proxy,full_cap020,precision_only_budget_replay_cap020,2.22864020220662e-05,0.0,-0.00023891566638239848,0.0002638271283494037,78,42
wikipedia_september_2007,3.0,admission_precision,full_cap020,precision_only_budget_replay_cap020,-8.707964189073143e-05,0.0,-0.00017468061853589568,-2.145462347135809e-05,79,42
wikipedia_september_2007,3.0,selected_admissions_per_slot,full_cap020,precision_only_budget_replay_cap020,0.0,0.0,0.0,0.0,80,42
wikipedia_september_2007,3.0,slot_hit_ratio,full_cap020,precision_only_budget_replay_permuted_cap020,0.022482875000000006,0.005824999999999969,0.01676387500000001,0.029016875000000015,80,42
wikipedia_september_2007,3.0,admission_hit_yield,full_cap020,precision_only_budget_replay_permuted_cap020,-2.544242331379503,-0.054315103758239336,-5.659010812305022,-0.3710159174032281,80,42
wikipedia_september_2007,3.0,pollution_proxy,full_cap020,precision_only_budget_replay_permuted_cap020,0.10996511582770171,0.02972963089082209,0.0736694886393241,0.14843452685807174,78,42
wikipedia_september_2007,3.0,admission_precision,full_cap020,precision_only_budget_replay_permuted_cap020,-0.06025066321961884,-0.005937458767647445,-0.09873080722385558,-0.026779235975464426,79,42
wikipedia_september_2007,3.0,selected_admissions_per_slot,full_cap020,precision_only_budget_replay_permuted_cap020,0.0,-2.0,-403.3625,396.7,80,42
wikipedia_september_2007,3.0,slot_hit_ratio,precision_only_cap020,cap_only_cap020,5.9749999999995916e-05,5.999999999994898e-05,-0.00024975000000000274,0.000352999999999995,80,42
wikipedia_september_2007,3.0,admission_hit_yield,precision_only_cap020,cap_only_cap020,-0.0828490668393104,-0.001978732423792956,-0.2555000538067137,0.01203778600787778,80,42
wikipedia_september_2007,3.0,pollution_proxy,precision_only_cap020,cap_only_cap020,0.004276883622993854,0.001727115716753047,0.0003934897797702232,0.008784623148216458,78,42
wikipedia_september_2007,3.0,admission_precision,precision_only_cap020,cap_only_cap020,-0.00044799581805840896,0.0,-0.0016033098978963985,0.0004515578547445337,79,42
wikipedia_september_2007,3.0,selected_admissions_per_slot,precision_only_cap020,cap_only_cap020,-31.7875,0.0,-146.075,106.2125,80,42
wikipedia_september_2007,4.0,slot_hit_ratio,full_cap020,precision_only_cap020,-0.00014149999999999303,-1.5000000000042757e-05,-0.00021024999999998822,-8.349999999999192e-05,80,42
wikipedia_september_2007,4.0,admission_hit_yield,full_cap020,precision_only_cap020,-3.9229357452382973e-05,0.0,-0.004424817891498898,0.0029141574026563264,80,42
wikipedia_september_2007,4.0,pollution_proxy,full_cap020,precision_only_cap020,-0.0004169599116076386,0.0,-0.0012699771685083872,0.00038791419466824225,78,42
wikipedia_september_2007,4.0,admission_precision,full_cap020,precision_only_cap020,-1.6733014038308717e-05,0.0,-0.00030235337496221465,0.0002662330827114696,79,42
wikipedia_september_2007,4.0,selected_admissions_per_slot,full_cap020,precision_only_cap020,-13.325,0.0,-43.3875,0.2375,80,42
wikipedia_september_2007,4.0,slot_hit_ratio,full_cap020,precision_only_budget_matched_uniform_cap020,-3.849999999999826e-05,0.0,-7.850000000000218e-05,-2.374999999990579e-06,80,42
wikipedia_september_2007,4.0,admission_hit_yield,full_cap020,precision_only_budget_matched_uniform_cap020,-0.002404135060003017,0.0,-0.007342065428251167,0.001078867892503986,80,42
wikipedia_september_2007,4.0,pollution_proxy,full_cap020,precision_only_budget_matched_uniform_cap020,0.00019168108972922814,0.0,-0.000510956693125472,0.0009433429872420382,78,42
wikipedia_september_2007,4.0,admission_precision,full_cap020,precision_only_budget_matched_uniform_cap020,-4.017723984906829e-06,0.0,-0.0003068284361733558,0.0002990772083797273,79,42
wikipedia_september_2007,4.0,selected_admissions_per_slot,full_cap020,precision_only_budget_matched_uniform_cap020,-6.9125,0.0,-34.175,7.5875,80,42
wikipedia_september_2007,4.0,slot_hit_ratio,full_cap020,precision_only_budget_matched_random_cap020,-0.00013599999999999306,-1.4999999999931735e-05,-0.0002069999999999836,-7.724999999999121e-05,80,42
wikipedia_september_2007,4.0,admission_hit_yield,full_cap020,precision_only_budget_matched_random_cap020,-0.8081208203603003,0.0,-2.429846525559717,0.0045760134501157705,80,42
wikipedia_september_2007,4.0,pollution_proxy,full_cap020,precision_only_budget_matched_random_cap020,-0.00037291300371060826,0.0,-0.001353018794956846,0.0006428847594466601,77,42
wikipedia_september_2007,4.0,admission_precision,full_cap020,precision_only_budget_matched_random_cap020,-0.0001098204617081592,0.0,-0.0004500035561323348,0.00022249497546174266,78,42
wikipedia_september_2007,4.0,selected_admissions_per_slot,full_cap020,precision_only_budget_matched_random_cap020,-6.475,0.0,-36.6625,18.0125,80,42
wikipedia_september_2007,4.0,slot_hit_ratio,full_cap020,precision_only_budget_replay_cap020,-4.2499999999973115e-06,0.0,-9.37499999999758e-06,1.0000000000065511e-06,80,42
wikipedia_september_2007,4.0,admission_hit_yield,full_cap020,precision_only_budget_replay_cap020,-4.596123676481045e-05,0.0,-0.000250914700546348,0.00015830550707144792,80,42
wikipedia_september_2007,4.0,pollution_proxy,full_cap020,precision_only_budget_replay_cap020,7.164998840695584e-05,0.0,-0.00011377655263131669,0.0002560241199389192,78,42
wikipedia_september_2007,4.0,admission_precision,full_cap020,precision_only_budget_replay_cap020,-5.816913882044492e-07,0.0,-6.967831842991523e-05,6.793324426530188e-05,79,42
wikipedia_september_2007,4.0,selected_admissions_per_slot,full_cap020,precision_only_budget_replay_cap020,0.0,0.0,0.0,0.0,80,42
wikipedia_september_2007,4.0,slot_hit_ratio,full_cap020,precision_only_budget_replay_permuted_cap020,0.02890899999999999,0.016284999999999994,0.02262100000000001,0.03602287499999998,80,42
wikipedia_september_2007,4.0,admission_hit_yield,full_cap020,precision_only_budget_replay_permuted_cap020,-2.765765574234453,-0.07380164199880042,-6.075921914101839,-0.44123152495783363,80,42
wikipedia_september_2007,4.0,pollution_proxy,full_cap020,precision_only_budget_replay_permuted_cap020,0.12326997478333183,0.030483427681362585,0.08269799759334785,0.16436243934313877,78,42
wikipedia_september_2007,4.0,admission_precision,full_cap020,precision_only_budget_replay_permuted_cap020,-0.06564977173296566,-0.006390434961863534,-0.10670260799371434,-0.030254249419557767,79,42
wikipedia_september_2007,4.0,selected_admissions_per_slot,full_cap020,precision_only_budget_replay_permuted_cap020,0.0,-0.5,-519.55,519.3125,80,42
wikipedia_september_2007,4.0,slot_hit_ratio,precision_only_cap020,cap_only_cap020,0.0003672499999999981,0.00029999999999996696,-4.2375000000001437e-05,0.0007304999999999979,80,42
wikipedia_september_2007,4.0,admission_hit_yield,precision_only_cap020,cap_only_cap020,-0.05125031624685602,-0.001616432530677031,-0.1613991991624238,0.016074615923072168,80,42
wikipedia_september_2007,4.0,pollution_proxy,precision_only_cap020,cap_only_cap020,0.004310049864451595,0.00032936161968422084,-0.00032856520734763625,0.009553213498767107,78,42
wikipedia_september_2007,4.0,admission_precision,precision_only_cap020,cap_only_cap020,-0.0003679357404652156,3.410385305331956e-05,-0.001490620893872037,0.0006279764968625571,79,42
wikipedia_september_2007,4.0,selected_admissions_per_slot,precision_only_cap020,cap_only_cap020,-35.9125,-1.0,-201.15,153.0375,80,42
wikipedia_september_2007,5.0,slot_hit_ratio,full_cap020,precision_only_cap020,-1.2999999999993572e-05,7.00000000000145e-05,-0.00010624999999999246,6.875000000000769e-05,80,42
wikipedia_september_2007,5.0,admission_hit_yield,full_cap020,precision_only_cap020,-0.000942668630344095,0.0,-0.004403055312658056,0.0016776517506335825,80,42
wikipedia_september_2007,5.0,pollution_proxy,full_cap020,precision_only_cap020,-7.295005592388843e-05,0.0,-0.001350147526621074,0.0012314613194632214,78,42
wikipedia_september_2007,5.0,admission_precision,full_cap020,precision_only_cap020,-5.139615501331465e-06,0.0,-0.000364814303967959,0.0003254261517677893,79,42
wikipedia_september_2007,5.0,selected_admissions_per_slot,full_cap020,precision_only_cap020,-28.1125,0.0,-69.525,0.0375,80,42
wikipedia_september_2007,5.0,slot_hit_ratio,full_cap020,precision_only_budget_matched_uniform_cap020,5.1625000000012077e-05,7.00000000000145e-05,-3.3749999999901912e-06,0.00010100000000001912,80,42
wikipedia_september_2007,5.0,admission_hit_yield,full_cap020,precision_only_budget_matched_uniform_cap020,-0.003874382916527419,-0.001894109248490622,-0.008774802609653597,-0.00019091546173540148,80,42
wikipedia_september_2007,5.0,pollution_proxy,full_cap020,precision_only_budget_matched_uniform_cap020,0.0008137278710513399,0.0006306786597293224,-0.0002118618234084694,0.0018481326423461415,78,42
wikipedia_september_2007,5.0,admission_precision,full_cap020,precision_only_budget_matched_uniform_cap020,-0.00012492933781527678,0.0,-0.0004710123540364114,0.00020122155888866125,79,42
wikipedia_september_2007,5.0,selected_admissions_per_slot,full_cap020,precision_only_budget_matched_uniform_cap020,-12.25,0.0,-51.0625,16.2125,80,42
wikipedia_september_2007,5.0,slot_hit_ratio,full_cap020,precision_only_budget_matched_random_cap020,7.412499999999572e-05,0.00015499999999996072,-3.250000000000197e-05,0.00016674999999999747,80,42
wikipedia_september_2007,5.0,admission_hit_yield,full_cap020,precision_only_budget_matched_random_cap020,-1.5424406262952128,7.594669851190838e-05,-4.136494657512586,0.0037565958816710146,80,42
wikipedia_september_2007,5.0,pollution_proxy,full_cap020,precision_only_budget_matched_random_cap020,-0.00010305527422844798,0.0,-0.0013747746697219778,0.0011313034536756719,76,42
wikipedia_september_2007,5.0,admission_precision,full_cap020,precision_only_budget_matched_random_cap020,-0.0004092818508743441,0.0,-0.0009179807367007284,5.410313117231982e-05,77,42
wikipedia_september_2007,5.0,selected_admissions_per_slot,full_cap020,precision_only_budget_matched_random_cap020,-14.9125,0.0,-61.7625,22.9625,80,42
wikipedia_september_2007,5.0,slot_hit_ratio,full_cap020,precision_only_budget_replay_cap020,4.250000000002863e-06,0.0,-4.999999999935612e-07,8.874999999998467e-06,80,42
wikipedia_september_2007,5.0,admission_hit_yield,full_cap020,precision_only_budget_replay_cap020,-9.409661504516317e-05,0.0,-0.0003069690583537253,0.00014045737246826847,80,42
wikipedia_september_2007,5.0,pollution_proxy,full_cap020,precision_only_budget_replay_cap020,7.216479819604764e-05,0.0,-0.00014786242928304077,0.0002916947369963718,78,42
wikipedia_september_2007,5.0,admission_precision,full_cap020,precision_only_budget_replay_cap020,2.4743311524716163e-05,0.0,-4.7144237795535393e-05,0.00012065026852637429,79,42
wikipedia_september_2007,5.0,selected_admissions_per_slot,full_cap020,precision_only_budget_replay_cap020,0.0,0.0,0.0,0.0,80,42
wikipedia_september_2007,5.0,slot_hit_ratio,full_cap020,precision_only_budget_replay_permuted_cap020,0.03333825000000001,0.023160000000000014,0.0266685,0.04094875000000001,80,42
wikipedia_september_2007,5.0,admission_hit_yield,full_cap020,precision_only_budget_replay_permuted_cap020,-2.933527453960682,-0.0619391809493777,-6.391237675165298,-0.4945065027415837,80,42
wikipedia_september_2007,5.0,pollution_proxy,full_cap020,precision_only_budget_replay_permuted_cap020,0.1329100230743386,0.036834205786038465,0.08939565367236585,0.1773133198642497,78,42
wikipedia_september_2007,5.0,admission_precision,full_cap020,precision_only_budget_replay_permuted_cap020,-0.06875299484873947,-0.005758157389635317,-0.11142274858695385,-0.03078539934176522,79,42
wikipedia_september_2007,5.0,selected_admissions_per_slot,full_cap020,precision_only_budget_replay_permuted_cap020,0.0,0.0,-636.4,637.3,80,42
wikipedia_september_2007,5.0,slot_hit_ratio,precision_only_cap020,cap_only_cap020,0.00028937500000000144,0.0005199999999999649,-0.00019974999999999854,0.0007246249999999982,80,42
wikipedia_september_2007,5.0,admission_hit_yield,precision_only_cap020,cap_only_cap020,-0.031857241907827946,-0.0019032407608616936,-0.09906648399860886,0.014245196093525309,80,42
wikipedia_september_2007,5.0,pollution_proxy,precision_only_cap020,cap_only_cap020,0.0047869436697171525,0.001957833036183021,-0.000937492919020381,0.01148730449450892,78,42
wikipedia_september_2007,5.0,admission_precision,precision_only_cap020,cap_only_cap020,-0.00011620106108879804,7.215056792804139e-05,-0.0013169686064210269,0.0009755700225597573,79,42
wikipedia_september_2007,5.0,selected_admissions_per_slot,precision_only_cap020,cap_only_cap020,-21.525,-1.0,-237.9875,246.875,80,42
